{
  "project_info": {
    "project_number": "926491761333",
    "firebase_url": "https://appgaleria-888.firebaseio.com",
    "project_id": "appgaleria-888",
    "storage_bucket": "appgaleria-888.appspot.com"
  },
  "client": [
    {
      "client_info": {
        "mobilesdk_app_id": "1:926491761333:android:22d2e516e778369b",
        "android_client_info": {
          "package_name": "com.example.pasir.appgaleria"
        }
      },
      "oauth_client": [
        {
          "client_id": "926491761333-54lburql2p0i2sutsb4pkafbnarl6sll.apps.googleusercontent.com",
          "client_type": 3
        }
      ],
      "api_key": [
        {
          "current_key": "AIzaSyAG-j7Xd2WzDUozrZkP2Rj6Jlt_BfensL0"
        }
      ],
      "services": {
        "analytics_service": {
          "status": 1
        },
        "appinvite_service": {
          "status": 1,
          "other_platform_oauth_client": []
        },
        "ads_service": {
          "status": 2
        }
      }
    }
  ],
  "configuration_version": "1"
}